beamE,run,component,mean,meanErr,sigma,sigmaErr,linearity,linearityErr,resolution,resolutionErr,status
3.000000,14222,C,2.797642,0.002339,0.375622,0.002250,0.932547,0.000780,0.134264,0.000812,OK
3.000000,14222,S,2.799070,0.001553,0.252235,0.001356,0.933023,0.000518,0.090114,0.000487,OK
3.000000,14222,Sum,2.805891,0.001508,0.249424,0.001339,0.935297,0.000503,0.088893,0.000479,OK
3.500000,14223,C,3.270940,0.002456,0.395352,0.002479,0.934554,0.000702,0.120868,0.000763,OK
3.500000,14223,S,3.294626,0.001546,0.272258,0.001295,0.941322,0.000442,0.082637,0.000395,OK
3.500000,14223,Sum,3.286705,0.001521,0.257380,0.001390,0.939059,0.000435,0.078309,0.000425,OK
4.000000,14224,C,3.731713,0.002672,0.421349,0.002632,0.932928,0.000668,0.112910,0.000710,OK
4.000000,14224,S,3.779280,0.001802,0.292164,0.001604,0.944820,0.000450,0.077307,0.000426,OK
4.000000,14224,Sum,3.765385,0.001663,0.276807,0.001461,0.941346,0.000416,0.073513,0.000389,OK
4.000000,14226,C,3.712558,0.005991,0.418604,0.005967,0.928140,0.001498,0.112753,0.001618,OK
4.000000,14226,S,3.755486,0.004006,0.291095,0.003547,0.938871,0.001002,0.077512,0.000948,OK
4.000000,14226,Sum,3.738370,0.003825,0.273426,0.003209,0.934593,0.000956,0.073140,0.000862,OK
1.500000,14227,C,1.370901,0.002478,0.265911,0.002764,0.913934,0.001652,0.193968,0.002046,OK
1.500000,14227,S,1.371561,0.001431,0.172467,0.001371,0.914374,0.000954,0.125745,0.001008,OK
1.500000,14227,Sum,1.379241,0.001441,0.172404,0.001369,0.919494,0.000960,0.124999,0.001001,OK
2.000000,14228,C,1.828539,0.002693,0.300877,0.002657,0.914270,0.001346,0.164545,0.001473,OK
2.000000,14228,S,1.825342,0.001590,0.211218,0.001483,0.912671,0.000795,0.115714,0.000818,OK
2.000000,14228,Sum,1.838213,0.001560,0.208389,0.001419,0.919106,0.000780,0.113365,0.000778,OK
2.500000,14229,C,2.292614,0.002493,0.351378,0.002536,0.917046,0.000997,0.153265,0.001118,OK
2.500000,14229,S,2.261444,0.001606,0.235606,0.001622,0.904578,0.000643,0.104184,0.000721,OK
2.500000,14229,Sum,2.290106,0.001510,0.239930,0.001290,0.916042,0.000604,0.104768,0.000567,OK
1.000000,14230,C,0.901809,0.002293,0.211189,0.002467,0.901809,0.002293,0.234184,0.002800,OK
1.000000,14230,S,0.893572,0.001221,0.126783,0.001152,0.893572,0.001221,0.141884,0.001304,OK
1.000000,14230,Sum,0.905730,0.001431,0.134507,0.001348,0.905730,0.001431,0.148507,0.001506,OK
4.500000,14231,C,4.205868,0.002675,0.440898,0.002659,0.934637,0.000594,0.104829,0.000636,OK
4.500000,14231,S,4.195910,0.001808,0.307200,0.001635,0.932424,0.000402,0.073214,0.000391,OK
4.500000,14231,Sum,4.211230,0.001660,0.290419,0.001466,0.935829,0.000369,0.068963,0.000349,OK
5.000000,14232,C,4.712818,0.002684,0.463668,0.002542,0.942564,0.000537,0.098385,0.000542,OK
5.000000,14232,S,4.729358,0.001946,0.334780,0.001656,0.945872,0.000389,0.070788,0.000351,OK
5.000000,14232,Sum,4.730755,0.001719,0.311822,0.001436,0.946151,0.000344,0.065914,0.000304,OK
5.500000,14233,C,5.187317,0.002957,0.479795,0.002758,0.943148,0.000538,0.092494,0.000534,OK
5.500000,14233,S,5.234501,0.002141,0.360348,0.001917,0.951727,0.000389,0.068841,0.000367,OK
5.500000,14233,Sum,5.224572,0.001840,0.330360,0.001592,0.949922,0.000335,0.063232,0.000306,OK
5.800000,14234,C,5.486343,0.002980,0.504493,0.003048,0.945921,0.000514,0.091954,0.000558,OK
5.800000,14234,S,5.535481,0.002234,0.386992,0.002248,0.954393,0.000385,0.069911,0.000407,OK
5.800000,14234,Sum,5.524690,0.001950,0.355436,0.001856,0.952533,0.000336,0.064336,0.000337,OK
0.500000,14235,C,0.425200,0.003216,0.148510,0.003756,0.850400,0.006431,0.349271,0.009220,OK
0.500000,14235,S,0.425953,0.002218,0.090738,0.002627,0.851906,0.004435,0.213023,0.006266,OK
0.500000,14235,Sum,0.430449,0.002360,0.095702,0.003060,0.860898,0.004719,0.222331,0.007212,OK
0.500000,14236,C,0.424338,0.001741,0.148059,0.002024,0.848677,0.003481,0.348918,0.004980,OK
0.500000,14236,S,0.424597,0.001252,0.092417,0.001494,0.849194,0.002504,0.217658,0.003576,OK
0.500000,14236,Sum,0.429875,0.001316,0.096991,0.001724,0.859750,0.002632,0.225626,0.004069,OK
2.000000,14237,C,1.837906,0.002595,0.308625,0.002795,0.918953,0.001298,0.167922,0.001539,OK
2.000000,14237,S,1.783832,0.001758,0.197169,0.001848,0.891916,0.000879,0.110531,0.001042,OK
2.000000,14237,Sum,1.818195,0.001812,0.204313,0.002012,0.909097,0.000906,0.112372,0.001112,OK
1.500000,14238,C,1.367357,0.002357,0.259771,0.002603,0.911572,0.001571,0.189980,0.001931,OK
1.500000,14238,S,1.344401,0.001351,0.168645,0.001272,0.896267,0.000901,0.125443,0.000954,OK
1.500000,14238,Sum,1.365589,0.001381,0.170408,0.001318,0.910392,0.000921,0.124787,0.000974,OK
1.000000,14239,C,0.906075,0.002288,0.209774,0.002458,0.906075,0.002288,0.231519,0.002775,OK
1.000000,14239,S,0.887883,0.001229,0.128496,0.001173,0.887883,0.001229,0.144722,0.001337,OK
1.000000,14239,Sum,0.904813,0.001488,0.138038,0.001466,0.904813,0.001488,0.152560,0.001639,OK
0.500000,14240,C,0.420453,0.002441,0.151129,0.002869,0.840906,0.004883,0.359442,0.007136,OK
0.500000,14240,S,0.421495,0.001761,0.093106,0.002059,0.842990,0.003522,0.220894,0.004972,OK
0.500000,14240,Sum,0.430157,0.001662,0.094069,0.002111,0.860314,0.003325,0.218685,0.004980,OK
